번호,주차,요일,제목안,필러,타겟,검색의도가설,CTA,상태
1,W1,화,네이버 플레이스 순위가 안 오를 때 점검 순서 6단계 — 광고비 올리기 전에 확인할 것,F1 자가진단,P2,플레이스 순위 안오름,LM-1,미착수
2,W1,금,리뷰 쓰면 음료 증정 왜 위험한가 — 네이버 리뷰 정책과 공정위 표기 의무,F2 컴플라이언스,P2,네이버 리뷰 이벤트,LM-2,미착수
3,W2,화,플레이스 대표키워드 5칸 1-1-3 구조로 채우는 법,F1 자가진단,P2,스마트플레이스 대표키워드,LM-1,미착수
4,W2,금,"""리뷰 수만 많으면 순위 오른다""가 틀린 이유 — 플레이스 4대 평가요소",F4 통설반박,P2,플레이스 알고리즘,LM-1,미착수
5,W3,화,"병원 블로그에 ""시술 후기""를 쓸 수 없는 이유 (의료법 제56조 2항 기준)",F2 컴플라이언스,P1,병원 블로그 의료법,LM-2,미착수
6,W3,금,인스타 릴스에 검은 여백이 보인다면 — 화면의 약 68%를 버리고 있다는 뜻,F1 자가진단,P2,릴스 검은여백,LM-3,미착수
7,W4,화,의료광고 사전심의 우리 병원도 대상일까 — 확인 순서,F2 컴플라이언스,P1,의료광고 사전심의 대상,LM-2,미착수
8,W4,금,카페를 직접 운영하고 매각하기까지 — 대행사가 매장을 해봐야 아는 것들,F3 실증,P3,브랜드 검색 대응,상담,미착수
9,W5,화,플레이스 소개글 자가진단 — 상호명을 지웠을 때 옆 가게 것으로도 읽히면 실패,F1 자가진단,P2,플레이스 소개글 작성법,LM-1,미착수
10,W5,금,"""일단 광고부터 돌려보자""가 가장 비싼 선택인 이유",F4 통설반박,P2,플레이스광고 효과,LM-1,미착수
11,W6,화,매출 30% 올린 식당에서 실제로 바꾼 것 — 메뉴가 아니라 순서였다,F3 실증,P2,사례 검증,LM-3,미착수
12,W6,금,협찬 표기 해시태그에 섞으면 왜 무효인가 — 캡션 첫 줄 원칙,F2 컴플라이언스,P2,공정위 문구 위치,LM-2,미착수
13,W7,화,블로그 상위노출은 되는데 예약 문의가 없는 병원의 공통점 3가지,F1 자가진단,P1,병원 블로그 효과 없음,LM-3,미착수
14,W7,금,"""사진은 많을수록 좋다""는 틀렸다 — 플레이스 첫 3장이 결정한다",F4 통설반박,P2,플레이스 사진 등록,LM-1,미착수
15,W8,화,저희는 환불을 이렇게 계산합니다 — 노출일수 일할 계산표 공개,F5 내부공개,P3,마케팅 대행사 환불,상담,미착수
16,W8,금,"필라테스·PT에서 ""재활"" ""교정""이라고 써도 되나 — 확인해야 할 것",F2 컴플라이언스,P2,필라테스 재활 표현,LM-2,미착수
17,W9,화,매장 마케팅 성숙도 4단계 자가판정 — 우리 가게는 몇 단계인가,F1 자가진단,P2,매장 마케팅 뭐부터,LM-1,미착수
18,W9,금,인스타·블로그·플레이스에 같은 글을 올리면 생기는 일 — 미러링 판정법,F3 실증,P2,SNS 채널 운영,LM-3,미착수
19,W10,화,병원 체험단 진행 전 반드시 사전 고지하는 3가지,F5 내부공개,P1,병원 체험단,상담,미착수
20,W10,금,마케팅 대행사 고를 때 물어봐야 할 질문 7개,F4 통설반박,P3,마케팅 대행사 선택,LM-3,미착수
21,W11,화,문의 출처를 기록하지 않으면 3개월 뒤 성과 보고가 불가능해진다,F1 자가진단,P2,마케팅 성과 측정,LM-3,미착수
22,W11,금,학원·식품·화장품 광고에서 자주 걸리는 표현 정리,F2 컴플라이언스,P2,광고 금지어,LM-2,미착수
23,W12,화,12주 동안 매장 하나를 어떻게 바꾸는가 — 주차별 미션과 완료 판정 기준,F3 실증,P2,매장 마케팅 로드맵,LM-3,미착수
24,W12,금,컴플라이언스 권고를 고객이 거부했을 때 저희는 이렇게 합니다,F5 내부공개,P3,브랜드 검색 대응,상담,미착수
